"쫚초","쭺訃찤(1)",쨮얾쩠,왩첉쏮,왩첉쏮,왩첉쏮,왩첉쏮,왩첉쏮,왩첉쏮,왩첉쏮,왩첉쏮,왩첉쏮
"쫚초","쭺訃찤(1)",훯,썯,썯,썯,홈첉,홈첉,홈첉,㉠첉,㉠첉,㉠첉
"쫚초","쭺訃찤(1)",훯,훯,,찔,훯,,찔,훯,,찔
"2020.01","썯",191780,465609,238939,226670,453961,230458,223503,11648,8481,3167
"2020.01","졽像",21128,49546,25279,24267,48665,24765,23900,881,514,367
"2020.01","촜쟕",12868,31782,16529,15253,30483,15510,14973,1299,1019,280
"2020.01","죃岵",5613,11798,6435,5363,11114,5890,5224,684,545,139
"2020.01","퀛촸",7154,14083,7779,6304,13218,7052,6166,865,727,138
"2020.01","쏛콬절",5985,13500,7889,5611,11658,6328,5330,1842,1561,281
"2020.01","콬糖",7072,14656,8223,6433,13559,7313,6246,1097,910,187
"2020.01","熏절",6964,10258,6705,3553,9490,6024,3466,768,681,87
"2020.01","첱쨬절",3647,7881,4270,3611,7594,4048,3546,287,222,65
"2020.01","퀛截",2043,4168,2243,1925,3940,2045,1895,228,198,30
"2020.01","쵖찢",72,153,83,70,153,83,70,0,0,0
"2020.01","쏩핏",15876,42255,21701,20554,41225,20920,20305,1030,781,249
"2020.01","瑩1",16643,45474,22393,23081,45048,22154,22894,426,239,187
"2020.01","瑩2",22370,60592,29579,31013,60357,29500,30857,235,79,156
"2020.01","瑩3",27923,73265,36032,37233,72659,35739,36920,606,293,313
"2020.01","쐏1",11911,23326,12259,11067,22645,11932,10713,681,327,354
"2020.01","쐏2",13021,34247,16770,17477,33997,16675,17322,250,95,155
"2020.01","쐏3",11269,28047,14475,13572,27579,14185,13394,468,290,178
"2020.02","썯",191890,465548,238936,226612,453827,230409,223418,11721,8527,3194
"2020.02","졽像",21115,49395,25223,24172,48527,24713,23814,868,510,358
"2020.02","촜쟕",12861,31719,16480,15239,30435,15478,14957,1284,1002,282
"2020.02","죃岵",5599,11770,6426,5344,11058,5864,5194,712,562,150
"2020.02","퀛촸",7155,14072,7773,6299,13205,7044,6161,867,729,138
"2020.02","쏛콬절",5965,13482,7878,5604,11626,6313,5313,1856,1565,291
"2020.02","콬糖",7075,14631,8217,6414,13539,7311,6228,1092,906,186
"2020.02","熏절",6934,10229,6698,3531,9444,5998,3446,785,700,85
"2020.02","첱쨬절",3644,7878,4278,3600,7586,4050,3536,292,228,64
"2020.02","퀛截",2053,4181,2245,1936,3955,2049,1906,226,196,30
"2020.02","쵖찢",72,155,84,71,155,84,71,0,0,0
"2020.02","쏩핏",15833,42105,21669,20436,41075,20883,20192,1030,786,244
"2020.02","瑩1",16681,45541,22417,23124,45110,22176,22934,431,241,190
"2020.02","瑩2",22403,60705,29634,31071,60475,29558,30917,230,76,154
"2020.02","瑩3",28048,73497,36130,37367,72877,35830,37047,620,300,320
"2020.02","쐏1",11954,23360,12275,11085,22669,11948,10721,691,327,364
"2020.02","쐏2",13020,34238,16763,17475,33976,16660,17316,262,103,159
"2020.02","쐏3",11258,28012,14451,13561,27538,14155,13383,474,296,178
"2020.03","썯",192385,466117,239228,226889,454494,230790,223704,11623,8438,3185
"2020.03","졽像",21138,49348,25203,24145,48496,24707,23789,852,496,356
"2020.03","촜쟕",12832,31565,16383,15182,30314,15409,14905,1251,974,277
"2020.03","죃岵",5600,11743,6409,5334,11044,5858,5186,699,551,148
"2020.03","퀛촸",7130,13977,7719,6258,13128,7005,6123,849,714,135
"2020.03","쏛콬절",5962,13445,7867,5578,11580,6291,5289,1865,1576,289
"2020.03","콬糖",7076,14586,8195,6391,13517,7309,6208,1069,886,183
"2020.03","熏절",6888,10173,6666,3507,9382,5961,3421,791,705,86
"2020.03","첱쨬절",3652,7871,4286,3585,7582,4062,3520,289,224,65
"2020.03","퀛截",2057,4173,2240,1933,3950,2046,1904,223,194,29
"2020.03","쵖찢",73,159,86,73,159,86,73,0,0,0
"2020.03","쏩핏",15818,42042,21648,20394,41025,20874,20151,1017,774,243
"2020.03","瑩1",16681,45547,22421,23126,45122,22182,22940,425,239,186
"2020.03","瑩2",22857,61878,30231,31647,61635,30150,31485,243,81,162
"2020.03","瑩3",28172,73672,36232,37440,73049,35931,37118,623,301,322
"2020.03","쐏1",11981,23333,12252,11081,22651,11932,10719,682,320,362
"2020.03","쐏2",12986,34081,16682,17399,33817,16578,17239,264,104,160
"2020.03","쐏3",11261,27943,14411,13532,27463,14112,13351,480,299,181
"2020.04","썯",192716,466786,239496,227290,455262,231142,224120,11524,8354,3170
"2020.04","졽像",21163,49354,25213,24141,48510,24723,23787,844,490,354
"2020.04","촜쟕",12810,31480,16332,15148,30243,15374,14869,1237,958,279
"2020.04","죃岵",5592,11699,6388,5311,10999,5839,5160,700,549,151
"2020.04","퀛촸",7139,14003,7726,6277,13154,7013,6141,849,713,136
"2020.04","쏛콬절",5959,13415,7833,5582,11569,6275,5294,1846,1558,288
"2020.04","콬糖",7096,14581,8196,6385,13526,7323,6203,1055,873,182
"2020.04","熏절",6828,10091,6613,3478,9311,5917,3394,780,696,84
"2020.04","첱쨬절",3651,7864,4284,3580,7579,4061,3518,285,223,62
"2020.04","퀛截",2048,4152,2241,1911,3927,2046,1881,225,195,30
"2020.04","쵖찢",74,159,86,73,159,86,73,0,0,0
"2020.04","쏩핏",15826,42063,21646,20417,41057,20877,20180,1006,769,237
"2020.04","瑩1",16714,45688,22467,23221,45277,22238,23039,411,229,182
"2020.04","瑩2",23048,62400,30475,31925,62153,30391,31762,247,84,163
"2020.04","瑩3",28283,73958,36337,37621,73337,36039,37298,621,298,323
"2020.04","쐏1",12001,23327,12278,11049,22655,11960,10695,672,318,354
"2020.04","쐏2",12979,34011,16665,17346,33743,16560,17183,268,105,163
"2020.04","쐏3",11284,27962,14419,13543,27485,14123,13362,477,296,181
"2020.05","썯",193249,466894,239519,227375,455471,231256,224215,11423,8263,3160
"2020.05","졽像",21236,49352,25212,24140,48523,24739,23784,829,473,356
"2020.05","촜쟕",12836,31475,16331,15144,30240,15377,14863,1235,954,281
"2020.05","죃岵",5590,11654,6370,5284,10956,5818,5138,698,552,146
"2020.05","퀛촸",7136,13963,7705,6258,13110,6991,6119,853,714,139
"2020.05","쏛콬절",5974,13396,7824,5572,11559,6276,5283,1837,1548,289
"2020.05","콬糖",7116,14545,8187,6358,13491,7315,6176,1054,872,182
"2020.05","熏절",6789,10022,6565,3457,9264,5888,3376,758,677,81
"2020.05","첱쨬절",3671,7885,4279,3606,7608,4064,3544,277,215,62
"2020.05","퀛截",2059,4153,2238,1915,3933,2049,1884,220,189,31
"2020.05","쵖찢",75,157,85,72,157,85,72,0,0,0
"2020.05","쏩핏",15835,42000,21628,20372,41003,20862,20141,997,766,231
"2020.05","瑩1",16768,45712,22460,23252,45313,22239,23074,399,221,178
"2020.05","瑩2",23181,62669,30615,32054,62420,30532,31888,249,83,166
"2020.05","瑩3",28425,74143,36426,37717,73520,36129,37391,623,297,326
"2020.05","쐏1",12028,23273,12238,11035,22622,11933,10689,651,305,346
"2020.05","쐏2",12986,33967,16641,17326,33702,16539,17163,265,102,163
"2020.05","쐏3",11322,27950,14420,13530,27473,14125,13348,477,295,182
"2020.06","썯",193902,467421,239721,227700,456073,231522,224551,11348,8199,3149
"2020.06","졽像",21305,49383,25243,24140,48554,24763,23791,829,480,349
"2020.06","촜쟕",12879,31465,16319,15146,30243,15373,14870,1222,946,276
"2020.06","죃岵",5601,11621,6354,5267,10923,5801,5122,698,553,145
"2020.06","퀛촸",7170,13982,7694,6288,13144,6996,6148,838,698,140
"2020.06","쏛콬절",5977,13373,7811,5562,11549,6276,5273,1824,1535,289
"2020.06","콬糖",7122,14520,8187,6333,13464,7311,6153,1056,876,180
"2020.06","熏절",6781,10004,6553,3451,9250,5881,3369,754,672,82
"2020.06","첱쨬절",3685,7885,4283,3602,7618,4075,3543,267,208,59
"2020.06","퀛截",2070,4158,2238,1920,3942,2053,1889,216,185,31
"2020.06","쵖찢",75,157,85,72,157,85,72,0,0,0
"2020.06","쏩핏",15905,42026,21631,20395,41046,20887,20159,980,744,236
"2020.06","瑩1",16801,45708,22464,23244,45308,22240,23068,400,224,176
"2020.06","瑩2",23357,62977,30731,32246,62725,30650,32075,252,81,171
"2020.06","瑩3",28588,74478,36586,37892,73858,36290,37568,620,296,324
"2020.06","쐏1",12049,23274,12246,11028,22621,11941,10680,653,305,348
"2020.06","쐏2",13008,33927,16612,17315,33663,16510,17153,264,102,162
"2020.06","쐏3",11308,27910,14392,13518,27436,14098,13338,474,294,180
"2020.07","썯",194725,468010,239916,228094,456788,231825,224963,11222,8091,3131
"2020.07","졽像",21359,49409,25252,24157,48595,24778,23817,814,474,340
"2020.07","촜쟕",12918,31438,16297,15141,30224,15359,14865,1214,938,276
"2020.07","죃岵",5611,11589,6333,5256,10900,5791,5109,689,542,147
"2020.07","퀛촸",7177,13978,7691,6287,13134,6988,6146,844,703,141
"2020.07","쏛콬절",5989,13325,7785,5540,11535,6279,5256,1790,1506,284
"2020.07","콬糖",7135,14499,8174,6325,13462,7311,6151,1037,863,174
"2020.07","熏절",6735,9936,6500,3436,9204,5847,3357,732,653,79
"2020.07","첱쨬절",3692,7876,4277,3599,7614,4074,3540,262,203,59
"2020.07","퀛截",2079,4165,2234,1931,3951,2051,1900,214,183,31
"2020.07","쵖찢",75,159,87,72,159,87,72,0,0,0
"2020.07","쏩핏",15917,41964,21584,20380,40995,20848,20147,969,736,233
"2020.07","瑩1",17183,46139,22669,23470,45736,22444,23292,403,225,178
"2020.07","瑩2",23422,63112,30803,32309,62857,30721,32136,255,82,173
"2020.07","瑩3",28807,74817,36737,38080,74206,36449,37757,611,288,323
"2020.07","쐏1",12033,23185,12212,10973,22528,11904,10624,657,308,349
"2020.07","쐏2",13041,33917,16606,17311,33656,16506,17150,261,100,161
"2020.07","쐏3",11333,27932,14387,13545,27463,14100,13363,469,287,182
"2020.08","썯",196157,470304,240950,229354,459158,232919,226239,11146,8031,3115
"2020.08","졽像",21358,49216,25150,24066,48430,24699,23731,786,451,335
"2020.08","촜쟕",12904,31338,16219,15119,30140,15291,14849,1198,928,270
"2020.08","죃岵",5635,11580,6321,5259,10893,5784,5109,687,537,150
"2020.08","퀛촸",7189,14001,7715,6286,13150,7005,6145,851,710,141
"2020.08","쏛콬절",6028,13335,7798,5537,11560,6298,5262,1775,1500,275
"2020.08","콬糖",7111,14408,8100,6308,13388,7255,6133,1020,845,175
"2020.08","熏절",6695,9870,6447,3423,9145,5797,3348,725,650,75
"2020.08","첱쨬절",3696,7877,4277,3600,7616,4073,3543,261,204,57
"2020.08","퀛截",2085,4161,2236,1925,3948,2054,1894,213,182,31
"2020.08","쵖찢",75,159,87,72,159,87,72,0,0,0
"2020.08","쏩핏",15976,41786,21489,20297,40824,20762,20062,962,727,235
"2020.08","瑩1",17243,45958,22548,23410,45547,22318,23229,411,230,181
"2020.08","瑩2",23321,62630,30555,32075,62378,30476,31902,252,79,173
"2020.08","瑩3",30303,78950,38785,40165,78339,38499,39840,611,286,325
"2020.08","쐏1",12025,23086,12167,10919,22433,11856,10577,653,311,342
"2020.08","쐏2",12983,33580,16440,17140,33320,16341,16979,260,99,161
"2020.08","쐏3",11310,27800,14330,13470,27320,14038,13282,480,292,188
"2020.09","썯",197536,472381,241885,230496,461314,233949,227365,11067,7936,3131
"2020.09","졽像",21431,49274,25159,24115,48485,24711,23774,789,448,341
"2020.09","촜쟕",12914,31302,16197,15105,30114,15276,14838,1188,921,267
"2020.09","죃岵",5754,11530,6283,5247,10853,5755,5098,677,528,149
"2020.09","퀛촸",7227,14024,7700,6324,13201,7019,6182,823,681,142
"2020.09","쏛콬절",6032,13280,7760,5520,11510,6267,5243,1770,1493,277
"2020.09","콬糖",7101,14351,8053,6298,13344,7225,6119,1007,828,179
"2020.09","熏절",6637,9801,6399,3402,9079,5751,3328,722,648,74
"2020.09","첱쨬절",3700,7863,4279,3584,7607,4079,3528,256,200,56
"2020.09","퀛截",2084,4131,2232,1899,3920,2052,1868,211,180,31
"2020.09","쵖찢",76,160,87,73,160,87,73,0,0,0
"2020.09","쏩핏",16243,42390,21759,20631,41440,21041,20399,950,718,232
"2020.09","瑩1",17286,45881,22527,23354,45473,22300,23173,408,227,181
"2020.09","瑩2",23270,62294,30402,31892,62040,30320,31720,254,82,172
"2020.09","瑩3",31238,81348,39985,41363,80724,39691,41033,624,294,330
"2020.09","쐏1",12087,23058,12154,10904,22415,11855,10560,643,299,344
"2020.09","쐏2",12956,33419,16354,17065,33149,16249,16900,270,105,165
"2020.09","쐏3",11281,27714,14272,13442,27240,13988,13252,474,284,190
"2020.10","썯",198536,474087,242741,231346,463155,234915,228240,10932,7826,3106
"2020.10","졽像",21500,49291,25190,24101,48514,24752,23762,777,438,339
"2020.10","촜쟕",12914,31214,16167,15047,30050,15267,14783,1164,900,264
"2020.10","죃岵",5781,11540,6286,5254,10873,5766,5107,667,520,147
"2020.10","퀛촸",7242,14033,7712,6321,13227,7044,6183,806,668,138
"2020.10","쏛콬절",6015,13231,7724,5507,11483,6250,5233,1748,1474,274
"2020.10","콬糖",7124,14350,8059,6291,13359,7245,6114,991,814,177
"2020.10","熏절",6617,9765,6386,3379,9054,5747,3307,711,639,72
"2020.10","첱쨬절",3712,7870,4278,3592,7619,4081,3538,251,197,54
"2020.10","퀛截",2078,4120,2220,1900,3908,2039,1869,212,181,31
"2020.10","쵖찢",76,160,86,74,160,86,74,0,0,0
"2020.10","쏩핏",16393,42761,21950,20811,41817,21232,20585,944,718,226
"2020.10","瑩1",17347,45931,22535,23396,45529,22314,23215,402,221,181
"2020.10","瑩2",23430,62601,30572,32029,62347,30491,31856,254,81,173
"2020.10","瑩3",31725,82594,40584,42010,81952,40280,41672,642,304,338
"2020.10","쐏1",12112,23011,12134,10877,22391,11849,10542,620,285,335
"2020.10","쐏2",12966,33357,16332,17025,33087,16226,16861,270,106,164
"2020.10","쐏3",11284,27701,14243,13458,27229,13963,13266,472,280,192
"2020.11","썯",199377,475226,243217,232009,464453,235537,228916,10773,7680,3093
"2020.11","졽像",21539,49293,25214,24079,48513,24775,23738,780,439,341
"2020.11","촜쟕",12926,31192,16142,15050,30047,15260,14787,1145,882,263
"2020.11","죃岵",5771,11475,6240,5235,10831,5743,5088,644,497,147
"2020.11","퀛촸",7268,14062,7712,6350,13277,7061,6216,785,651,134
"2020.11","쏛콬절",6014,13186,7690,5496,11465,6235,5230,1721,1455,266
"2020.11","콬糖",7096,14265,8005,6260,13278,7197,6081,987,808,179
"2020.11","熏절",6609,9754,6378,3376,9061,5757,3304,693,621,72
"2020.11","첱쨬절",3716,7842,4281,3561,7594,4086,3508,248,195,53
"2020.11","퀛截",2082,4118,2219,1899,3909,2041,1868,209,178,31
"2020.11","쵖찢",75,159,86,73,159,86,73,0,0,0
"2020.11","쏩핏",16448,42891,21992,20899,41969,21291,20678,922,701,221
"2020.11","瑩1",17427,46050,22587,23463,45651,22369,23282,399,218,181
"2020.11","瑩2",23601,62939,30729,32210,62682,30648,32034,257,81,176
"2020.11","瑩3",32127,83431,40968,42463,82786,40663,42123,645,305,340
"2020.11","쐏1",12142,22976,12110,10866,22365,11833,10532,611,277,334
"2020.11","쐏2",13012,33369,16342,17027,33100,16236,16864,269,106,163
"2020.11","쐏3",11304,27668,14239,13429,27211,13973,13238,457,266,191
"2020.12","썯",200270,476274,243638,232636,465617,236049,229568,10657,7589,3068
"2020.12","졽像",21578,49246,25184,24062,48475,24753,23722,771,431,340
"2020.12","촜쟕",12974,31232,16167,15065,30081,15280,14801,1151,887,264
"2020.12","죃岵",5772,11442,6213,5229,10810,5729,5081,632,484,148
"2020.12","퀛촸",7302,14069,7705,6364,13294,7063,6231,775,642,133
"2020.12","쏛콬절",5995,13119,7652,5467,11425,6218,5207,1694,1434,260
"2020.12","콬糖",7105,14231,7976,6255,13265,7183,6082,966,793,173
"2020.12","熏절",6616,9727,6364,3363,9045,5756,3289,682,608,74
"2020.12","첱쨬절",3708,7811,4260,3551,7567,4070,3497,244,190,54
"2020.12","퀛截",2085,4118,2219,1899,3910,2041,1869,208,178,30
"2020.12","쵖찢",74,160,86,74,160,86,74,0,0,0
"2020.12","쏩핏",16540,42964,22039,20925,42045,21342,20703,919,697,222
"2020.12","瑩1",17530,46218,22652,23566,45816,22434,23382,402,218,184
"2020.12","瑩2",23744,63080,30829,32251,62831,30749,32082,249,80,169
"2020.12","瑩3",32434,84187,41271,42916,83533,40959,42574,654,312,342
"2020.12","쐏1",12185,22944,12095,10849,22347,11821,10526,597,274,323
"2020.12","쐏2",13060,33418,16362,17056,33158,16262,16896,260,100,160
"2020.12","쐏3",11347,27742,14276,13466,27290,14015,13275,452,261,191
